manager_true_ultimate_parent_country_of_headquarters,financial_flow_link_strength,amount_usd_m_alpha_var,amount_usd_m,rank,pct
Australia,Low,1180.1325254256747,2953.3422869262313,12,0.023730227873036344
Australia,Medium,1392.2333141608544,2953.3422869262313,12,0.023730227873036344
Australia,High,380.97644733970185,2953.3422869262313,12,0.023730227873036344
Austria,Low,730.8759239513101,853.8009604500719,18,0.006860326159750536
Austria,High,122.92503649876181,853.8009604500719,18,0.006860326159750536
Bahrain,Low,651.7333129507708,780.4149597371025,19,0.006270666597660952
Bahrain,High,128.68164678633175,780.4149597371025,19,0.006270666597660952
Belgium,Low,365.44708808921797,613.3276676130673,21,0.00492811326940497
Belgium,Medium,50.39154688470204,613.3276676130673,21,0.00492811326940497
Belgium,High,197.48903263914724,613.3276676130673,21,0.00492811326940497
Brazil,Low,596.9197784146951,3064.7897036284876,10,0.02462571249258523
Brazil,Medium,2385.786926332994,3064.7897036284876,10,0.02462571249258523
Brazil,High,82.08299888079867,3064.7897036284876,10,0.02462571249258523
Bulgaria,Low,44.88006728720514,44.88006728720514,36,3.606132036903259e-4
Cameroon,Low,68.69227065814174,68.69227065814174,33,5.519452462554023e-4
Canada,Low,382.7573341828646,969.7154636378664,15,0.007791704004646056
Canada,Medium,8.624827623900575,969.7154636378664,15,0.007791704004646056
Canada,High,578.3333018311012,969.7154636378664,15,0.007791704004646056
Chile,High,20.39090564509877,20.39090564509877,40,1.6384177331486648e-4
China,Low,1207.030069715562,2990.762134952158,11,0.024030897905277616
China,Medium,803.8885937692572,2990.762134952158,11,0.024030897905277616
China,High,979.8434714673389,2990.762134952158,11,0.024030897905277616
Egypt,High,66.43626242518853,66.43626242518853,34,5.338181264534018e-4
France,Low,8377.6879534279,13853.853247915966,4,0.11131628594083859
France,Medium,2920.192688892271,13853.853247915966,4,0.11131628594083859
France,High,2555.9726055957967,13853.853247915966,4,0.11131628594083859
Germany,Low,2936.719750195065,4448.226993438447,8,0.035741688544725835
Germany,Medium,558.6114900526871,4448.226993438447,8,0.035741688544725835
Germany,High,952.8957531906946,4448.226993438447,8,0.035741688544725835
Greece,Low,51.69946052072153,51.69946052072153,35,4.154073114046778e-4
Hong Kong,Low,98.36855576200054,228.22158235702915,27,0.0018337698880524333
Hong Kong,Medium,129.8530265950286,228.22158235702915,27,0.0018337698880524333
India,Low,262.2509892780601,320.09471674799397,23,0.0025719743366728327
India,Medium,57.84372746993388,320.09471674799397,23,0.0025719743366728327
Indonesia,Medium,104.64954608935342,104.64954608935342,32,8.408634469846012e-4
Ireland,Low,20.698960921857303,20.698960921857303,39,1.6631701025144913e-4
Israel,Low,844.120007942455,871.871500023161,17,0.0070055236953549945
Israel,High,27.75149208070609,871.871500023161,17,0.0070055236953549945
Italy,Low,418.59904470423993,938.443911591638,16,0.007540435785826471
Italy,Medium,259.4322550188236,938.443911591638,16,0.007540435785826471
Italy,High,260.4126118685745,938.443911591638,16,0.007540435785826471
Japan,Low,3065.7359448983743,5892.157252601996,7,0.04734372811677471
Japan,Medium,1263.6256616546443,5892.157252601996,7,0.04734372811677471
Japan,High,1562.7956460489777,5892.157252601996,7,0.04734372811677471
Jordan,Low,28.249094541411175,28.249094541411175,38,2.269826473017208e-4
Korea; Republic (S. Korea),Low,34.819663523962504,144.04264928194243,29,0.0011573886664027332
Korea; Republic (S. Korea),Medium,109.22298575797993,144.04264928194243,29,0.0011573886664027332
Kuwait,Low,93.64086242587472,213.38746454344374,28,0.0017145771356342162
Kuwait,High,119.74660211756901,213.38746454344374,28,0.0017145771356342162
Libya,Low,265.54153321800095,265.54153321800095,25,0.002133637242426417
Malaysia,Low,131.15229632501777,311.8611548050525,24,0.002505817324674026
Malaysia,Medium,180.70885848003468,311.8611548050525,24,0.002505817324674026
Netherlands,Low,5782.108075977403,9751.095229709033,6,0.07835045495302348
Netherlands,Medium,1094.7066818161443,9751.095229709033,6,0.07835045495302348
Netherlands,High,2874.2804719154874,9751.095229709033,6,0.07835045495302348
Norway,Low,134.98487044571777,134.98487044571777,30,0.0010846090374519403
Philippines,Medium,109.1647095040279,109.1647095040279,31,8.771429724525879e-4
Portugal,Low,20.48648289419998,259.3898348225938,26,0.0020842080904532683
Portugal,Medium,104.2767186299877,259.3898348225938,26,0.0020842080904532683
Portugal,High,134.6266332984061,259.3898348225938,26,0.0020842080904532683
Qatar,Medium,11.511066342271366,11.511066342271366,41,9.249189590145245e-5
Russia,Low,33.82139814697089,33.82139814697089,37,2.717563380869153e-4
Singapore,Low,20250.794453666178,21854.60181362566,1,0.1756026327891618
Singapore,Medium,1306.3439641489392,21854.60181362566,1,0.1756026327891618
Singapore,High,297.4633958105442,21854.60181362566,1,0.1756026327891618
South Africa,Low,627.6422372831529,696.9327099622187,20,0.005599883255248731
South Africa,High,69.29047267906586,696.9327099622187,20,0.005599883255248731
Spain,Low,279.7609309305314,971.1098290796268,14,0.007802907788852762
Spain,Medium,663.5974060683893,971.1098290796268,14,0.007802907788852762
Spain,High,27.75149208070609,971.1098290796268,14,0.007802907788852762
Switzerland,Low,2342.977214059894,3418.964915350898,9,0.027471525021108997
Switzerland,Medium,646.2956388457153,3418.964915350898,9,0.027471525021108997
Switzerland,High,429.6920624452887,3418.964915350898,9,0.027471525021108997
Taiwan,Low,920.6811733199689,1478.0780733803108,13,0.011876418676806565
Taiwan,Medium,491.3292109118371,1478.0780733803108,13,0.011876418676806565
Taiwan,High,66.0676891485048,1478.0780733803108,13,0.011876418676806565
United Arab Emirates,Low,331.99421054816116,579.1913872733708,22,0.0046538268398282805
United Arab Emirates,Medium,204.03982337908081,579.1913872733708,22,0.0046538268398282805
United Arab Emirates,High,43.15735334612882,579.1913872733708,22,0.0046538268398282805
United Kingdom,Low,14360.713403083415,17741.654544320045,2,0.14255493074579795
United Kingdom,Medium,2103.8103696337644,17741.654544320045,2,0.14255493074579795
United Kingdom,High,1277.130771602864,17741.654544320045,2,0.14255493074579795
United States of America,Low,11324.515553697662,15914.059622163353,3,0.12787012968011446
United States of America,Medium,2097.1318958613056,15914.059622163353,3,0.12787012968011446
United States of America,High,2492.412172604385,15914.059622163353,3,0.12787012968011446
Unknown,Low,10000.271400552328,11380.752425454484,5,0.09144481817030636
Unknown,Medium,69.39362819953242,11380.752425454484,5,0.09144481817030636
Unknown,High,1311.0873967026241,11380.752425454484,5,0.09144481817030636
